project,operation,input,c_median_ms,rust_median_ms,c_cv,rust_cv,overhead_pct
libcsv,parse,synth,1013.21,1369.38,0.0039,0.0029,35.15
libcsv,write,escape10k,339.46,367.74,0.0099,0.0088,8.33
libogg,encode_300k,enc300k,457.38,467.57,0.0065,0.0077,2.23
libogg,decode_30k,dec30k,1500.13,1502.55,0.0029,0.0022,0.16
bzip2,compress,silesia-xml,1718.4,1722.72,0.0041,0.0034,0.25
bzip2,compress,silesia-dickens,2417.6,2452.27,0.0024,0.0029,1.43
bzip2,compress,silesia-samba,4797.43,4864.62,0.0025,0.0031,1.4
bzip2,compress,silesia-mozilla,11609.59,11851.81,0.0033,0.0045,2.09
bzip2,compress,silesia-w2,3699.81,3770.11,0.0025,0.0026,1.9
bzip2,decompress,silesia-xml,449.25,499.16,0.0118,0.0122,11.11
bzip2,decompress,silesia-dickens,1654.15,1857.82,0.0107,0.0065,12.31
bzip2,decompress,silesia-samba,1987.33,2332.44,0.0055,0.0065,17.37
bzip2,decompress,silesia-mozilla,5792.93,7038.76,0.0065,0.0045,21.51
xxHash,xxh64_scalar,hash64k,563.0,561.47,0.0062,0.0061,-0.27
xxHash,xxh3_scalar,hash64k,626.19,833.54,0.0059,0.004,33.11
xxHash,xxh32_scalar,hash64k,1124.14,1823.8,0.0032,0.0015,62.24
libzahl,mul_4096bit,mul4096,1004.09,1378.78,0.0037,0.0077,37.32
libzahl,div_4096bit,div4096,2853.92,2837.67,0.0009,0.0014,-0.57
libzahl,modpow_4096bit,modpow4096,3039.63,3349.15,0.0013,0.0023,10.18
binn,build_serialize_100k,list100k,1270.32,1789.3,0.0023,0.0018,40.85
binn,iterate_decode_100k,decode100k,2103.96,2690.51,0.0164,0.0125,27.88
json-c,parse,canada,4949.79,4964.11,0.0032,0.0026,0.29
json-c,parse,citm_catalog,1211.43,1240.38,0.0115,0.013,2.39
json-c,parse,twitter,403.53,416.4,0.0131,0.0104,3.19
json-c,serialize,canada,3466.59,3603.13,0.0021,0.0019,3.94
json-c,serialize,citm_catalog,1524.73,1537.51,0.0138,0.0264,0.84
json-c,serialize,twitter,538.68,558.96,0.0162,0.0232,3.76
heman,pipeline,seed_1024_B,356.14,465.42,0.01,0.0077,30.68
heman,pipeline,seed_2048_C,1683.01,2098.33,0.0028,0.0028,24.68
heman,lighting,seed_256_A,533.92,691.28,0.0065,0.0071,29.47
heman,generate,island512,1180.63,1404.46,0.0015,0.0031,18.96
