project,operation,n_inputs,overhead_pct,regression_gt_3pct
libcsv,parse,1,35.15,True
libcsv,write,1,8.33,True
libogg,encode_300k,1,2.23,False
libogg,decode_30k,1,0.16,False
bzip2,compress,5,1.41,False
bzip2,decompress,4,15.5,True
xxHash,xxh64_scalar,1,-0.27,False
xxHash,xxh3_scalar,1,33.11,True
xxHash,xxh32_scalar,1,62.24,True
libzahl,mul_4096bit,1,37.32,True
libzahl,div_4096bit,1,-0.57,False
libzahl,modpow_4096bit,1,10.18,True
binn,build_serialize_100k,1,40.85,True
binn,iterate_decode_100k,1,27.88,True
json-c,parse,3,1.95,False
json-c,serialize,3,2.84,False
heman,pipeline,2,27.65,True
heman,lighting,1,29.47,True
heman,generate,1,18.96,True
