project,operation,overhead_pct,R_inst,R_CPI,cost
binn,build_serialize_100k,40.85,1.53,0.921,Work
binn,iterate_decode_100k,27.88,1.45,0.899,Work
bzip2,decompress,15.5,1.348,0.86,Work
heman,pipeline,27.65,1.078,1.186,Both
heman,lighting,29.47,0.935,1.391,CPI
heman,generate,18.96,1.226,0.97,Work
libcsv,parse,35.15,1.267,1.067,Both
libcsv,write,8.33,0.994,1.089,CPI
libzahl,mul_4096bit,37.32,1.231,1.113,Both
libzahl,modpow_4096bit,10.18,1.123,0.98,Work
xxHash,xxh3_scalar,33.11,1.27,1.052,Both
xxHash,xxh32_scalar,62.24,0.475,3.417,CPI
