project,operation,input,tma_dim,c_share,rust_share,delta_cpi_contribution
binn,build_serialize_100k,list100k,Ret,0.713,0.704,-0.0229
binn,build_serialize_100k,list100k,FE,0.279,0.289,-0.0046
binn,build_serialize_100k,list100k,BS,0.002,0.002,-0.0001
binn,build_serialize_100k,list100k,Mem,0.0,0.0,0.0
binn,build_serialize_100k,list100k,Core,0.006,0.005,-0.0005
binn,iterate_decode_100k,decode100k,Ret,0.471,0.544,0.0089
binn,iterate_decode_100k,decode100k,FE,0.02,0.003,-0.0085
binn,iterate_decode_100k,decode100k,BS,0.002,0.002,-0.0001
binn,iterate_decode_100k,decode100k,Mem,0.251,0.143,-0.0599
binn,iterate_decode_100k,decode100k,Core,0.272,0.308,0.0024
bzip2,compress,silesia-dickens,Ret,0.217,0.229,-0.0001
bzip2,compress,silesia-dickens,FE,0.16,0.167,-0.0021
bzip2,compress,silesia-dickens,BS,0.311,0.311,-0.0189
bzip2,compress,silesia-dickens,Mem,0.157,0.139,-0.0292
bzip2,compress,silesia-dickens,Core,0.153,0.151,-0.0115
bzip2,decompress,silesia-xml,Ret,0.129,0.145,-0.0008
bzip2,decompress,silesia-xml,FE,0.045,0.098,0.0777
bzip2,decompress,silesia-xml,BS,0.072,0.06,-0.0349
bzip2,decompress,silesia-xml,Mem,0.62,0.539,-0.2637
bzip2,decompress,silesia-xml,Core,0.134,0.161,0.0162
bzip2,decompress,silesia-dickens,Ret,0.124,0.141,-0.0029
bzip2,decompress,silesia-dickens,FE,0.062,0.127,0.0923
bzip2,decompress,silesia-dickens,BS,0.1,0.086,-0.0483
bzip2,decompress,silesia-dickens,Mem,0.599,0.508,-0.301
bzip2,decompress,silesia-dickens,Core,0.111,0.138,0.017
bzip2,decompress,silesia-samba,Ret,0.183,0.205,-0.0116
bzip2,decompress,silesia-samba,FE,0.072,0.16,0.0842
bzip2,decompress,silesia-samba,BS,0.139,0.101,-0.07
bzip2,decompress,silesia-samba,Mem,0.47,0.366,-0.2095
bzip2,decompress,silesia-samba,Core,0.143,0.167,-0.0015
bzip2,decompress,silesia-mozilla,Ret,0.198,0.229,-0.0076
bzip2,decompress,silesia-mozilla,FE,0.082,0.188,0.0886
bzip2,decompress,silesia-mozilla,BS,0.166,0.119,-0.0783
bzip2,decompress,silesia-mozilla,Mem,0.408,0.313,-0.1721
bzip2,decompress,silesia-mozilla,Core,0.139,0.146,-0.0199
heman,pipeline,seed_1024_B,Ret,0.355,0.298,0.0023
heman,pipeline,seed_1024_B,FE,0.035,0.028,-0.0011
heman,pipeline,seed_1024_B,BS,0.014,0.011,-0.0006
heman,pipeline,seed_1024_B,Mem,0.392,0.465,0.1308
heman,pipeline,seed_1024_B,Core,0.203,0.197,0.0264
heman,pipeline,seed_2048_C,Ret,0.328,0.281,0.0008
heman,pipeline,seed_2048_C,FE,0.043,0.034,-0.0028
heman,pipeline,seed_2048_C,BS,0.017,0.013,-0.0015
heman,pipeline,seed_2048_C,Mem,0.388,0.463,0.1335
heman,pipeline,seed_2048_C,Core,0.225,0.209,0.0171
heman,lighting,seed_256_A,Ret,0.341,0.272,0.0282
heman,lighting,seed_256_A,FE,0.057,0.101,0.0632
heman,lighting,seed_256_A,BS,0.115,0.14,0.0603
heman,lighting,seed_256_A,Mem,0.192,0.218,0.0842
heman,lighting,seed_256_A,Core,0.29,0.266,0.0605
libcsv,parse,synth,Ret,0.434,0.459,0.0259
libcsv,parse,synth,FE,0.466,0.286,-0.0747
libcsv,parse,synth,BS,0.048,0.057,0.006
libcsv,parse,synth,Mem,0.022,0.084,0.0314
libcsv,parse,synth,Core,0.029,0.112,0.042
libcsv,write,escape10k,Ret,0.607,0.584,0.0104
libcsv,write,escape10k,FE,0.315,0.345,0.0217
libcsv,write,escape10k,BS,0.02,0.017,-0.0005
libcsv,write,escape10k,Mem,0.028,0.016,-0.0038
libcsv,write,escape10k,Core,0.035,0.039,0.0027
libzahl,mul_4096bit,mul4096,Ret,0.76,0.721,0.0136
libzahl,mul_4096bit,mul4096,FE,0.107,0.125,0.0104
libzahl,mul_4096bit,mul4096,BS,0.094,0.105,0.0074
libzahl,mul_4096bit,mul4096,Mem,0.005,0.007,0.0009
libzahl,mul_4096bit,mul4096,Core,0.032,0.037,0.003
xxHash,xxh3_scalar,hash64k,Ret,0.983,0.936,0.0003
xxHash,xxh3_scalar,hash64k,FE,0.004,0.004,0.0001
xxHash,xxh3_scalar,hash64k,BS,0.003,0.003,0.0
xxHash,xxh3_scalar,hash64k,Mem,0.0,0.009,0.0024
xxHash,xxh3_scalar,hash64k,Core,0.01,0.045,0.0094
xxHash,xxh32_scalar,hash64k,Ret,0.548,0.207,0.0689
xxHash,xxh32_scalar,hash64k,FE,0.004,0.002,0.0012
xxHash,xxh32_scalar,hash64k,BS,0.001,0.001,0.001
xxHash,xxh32_scalar,hash64k,Mem,0.037,0.347,0.4972
xxHash,xxh32_scalar,hash64k,Core,0.411,0.442,0.4758
